batch,time
256,575.933005
512,763.349409
1024,1413.669475
2048,3766.078242
4096,7941.927931
8192,13872.652075
16384,36105.268821
32768,85489.545031