batch,time
256,569.382447
512,722.031521
1024,1353.516656
2048,2353.159714
4096,4371.768326
8192,8786.054949
16384,17509.630442
32768,35701.253117
