batch,order_line,average_time
256,1,1250.998900
256,2,1101.321600
256,3,1183.866900
256,4,499.761150
256,5,584.028750
256,6,1081.680900
512,1,882.687000
